{
	"description": "项目配置文件",
	"packOptions": {
		"ignore": []
	},
	"setting": {
		"urlCheck": false,
		"es6": true,
		"postcss": true,
		"minified": true,
		"newFeature": true,
		"autoAudits": false
	},
	"compileType": "miniprogram",
	"libVersion": "2.4.0",
	"appid": "wxe03eb6cfde9ade3b",
	"projectname": "%E7%AE%A1%E7%90%86%E5%90%8E%E5%8F%B0___%E5%B0%8F%E7%A8%8B%E5%BA%8F",
	"debugOptions": {
		"hidedInDevtools": []
	},
	"isGameTourist": false,
	"condition": {
		"search": {
			"current": -1,
			"list": []
		},
		"conversation": {
			"current": -1,
			"list": []
		},
		"plugin": {
			"current": -1,
			"list": []
		},
		"game": {
			"currentL": -1,
			"list": []
		},
		"miniprogram": {
			"current": 18,
			"list": [
				{
					"id": 0,
					"name": "场馆图片上传",
					"pathName": "pages/index/pages/upload/upload",
					"query": "venue_id=46"
				},
				{
					"id": -1,
					"name": "订单",
					"pathName": "pages/tabBar/order/order",
					"query": ""
				},
				{
					"id": -1,
					"name": "视频上传详情",
					"pathName": "pages/index/pages/coachvideo/coachvideo",
					"query": ""
				},
				{
					"id": -1,
					"name": "商户中心",
					"pathName": "pages/tabBar/core/core",
					"query": ""
				},
				{
					"id": -1,
					"name": "设置",
					"pathName": "pages/user/pages/modify/modify",
					"query": ""
				},
				{
					"id": 5,
					"name": "简介",
					"pathName": "pages/index/pages/brief/brief",
					"query": "venue_id=71"
				},
				{
					"id": 6,
					"name": "开设课程",
					"pathName": "pages/coach/pages/curriculum/curriculum",
					"query": "coach_id=46"
				},
				{
					"id": 8,
					"name": "教练课程",
					"pathName": "pages/coach/pages/curriculum/curriculum",
					"query": "coach_id=31&venue_id=79"
				},
				{
					"id": 9,
					"name": "订单",
					"pathName": "pages/tabBar/order/order",
					"query": ""
				},
				{
					"id": -1,
					"name": "场地管理",
					"pathName": "pages/index/pages/reserve/reserve",
					"query": "venue_id=114"
				},
				{
					"id": -1,
					"name": "核验",
					"pathName": "pages/tabBar/check/check",
					"query": ""
				},
				{
					"id": -1,
					"name": "我的收入",
					"pathName": "pages/user/pages/wallet/wallet",
					"query": ""
				},
				{
					"id": -1,
					"name": "财务",
					"pathName": "pages/index/pages/finance/finance",
					"query": ""
				},
				{
					"id": -1,
					"name": "结算方式选择",
					"pathName": "pages/index/pages/settlement/settlement",
					"query": ""
				},
				{
					"id": -1,
					"name": "品牌",
					"pathName": "pages/user/pages/brand/brand",
					"query": ""
				},
				{
					"id": -1,
					"name": "资质证明",
					"pathName": "pages/index/pages/addModify/addModify",
					"query": "venue_id=153"
				},
				{
					"id": -1,
					"name": "品牌",
					"pathName": "pages/user/pages/core/core",
					"query": "",
					"scene": null
				},
				{
					"id": -1,
					"name": "教练列表",
					"pathName": "pages/index/pages/coach/coach",
					"query": "venue_id=1&is_order=1",
					"scene": null
				},
				{
					"id": -1,
					"name": "教练",
					"pathName": "pages/index/pages/coach/coach",
					"query": "venue_id=1&is_order=1",
					"scene": null
				}
			]
		}
	}
}